metric,value
avg_throughput,1207.6070154179456
total_drop,801446.0856913831
drop_rate,0.2042255803193306
avg_energy,113.19412219644238
avg_efficiency,9.508720885941383
