split,MAE,RMSE
train,154.88939966890828,242.4146164065787
test,153.09566510296264,231.47034879618357
