metric,value
avg_throughput,1201.397498645448
total_drop,408751.948032531
drop_rate,0.2083174533732657
avg_energy,101.32250580046404
avg_efficiency,10.18552008256209
