mode,fraction
performance,0.39675174013921116
normal,0.3194122196442382
energy,0.2838360402165507
