T_low,T_high,low_percentile,high_percentile
345.18315178692586,1624.9281774977514,30,60
