metric,value,controller
avg_throughput,1201.397498645448,static
total_drop,408751.948032531,static
drop_rate,0.2083174533732657,static
avg_energy,101.32250580046404,static
avg_efficiency,10.18552008256209,static
avg_throughput,1207.6070154179456,adaptive
total_drop,801446.0856913831,adaptive
drop_rate,0.2042255803193306,adaptive
avg_energy,113.19412219644238,adaptive
avg_efficiency,9.508720885941383,adaptive
